Title;Price;Gearbox;Link;Mileage;Fuel Type
;;;https://www.olx.ua/None;;
;;;https://www.olx.ua/None;;
;;;https://www.olx.ua/None;;
;;;https://www.olx.ua/None;;
;;;https://www.olx.ua/None;;
;;;https://www.olx.ua/None;;
;;;https://www.olx.ua/None;;
;;;https://www.olx.ua/None;;
;;;https://www.olx.ua/None;;
;;;https://www.olx.ua/None;;
;;;https://www.olx.ua/None;;
;;;https://www.olx.ua/None;;
;;;https://www.olx.ua/None;;
;;;https://www.olx.ua/None;;
;;;https://www.olx.ua/None;;
;;;https://www.olx.ua/None;;
;;;https://www.olx.ua/None;;
;;;https://www.olx.ua/None;;
;;;https://www.olx.ua/None;;
;;;https://www.olx.ua/None;;
;;;https://www.olx.ua/None;;
;;;https://www.olx.ua/None;;
;;;https://www.olx.ua/None;;
;;;https://www.olx.ua/None;;
;;;https://www.olx.ua/None;;
;;;https://www.olx.ua/None;;
;;;https://www.olx.ua/None;;
;;;https://www.olx.ua/None;;
;;;https://www.olx.ua/None;;
;;;https://www.olx.ua/None;;
;;;https://www.olx.ua/None;;
;;;https://www.olx.ua/None;;
;;;https://www.olx.ua/None;;
;;;https://www.olx.ua/None;;
;;;https://www.olx.ua/None;;
;;;https://www.olx.ua/None;;
;;;https://www.olx.ua/None;;
;;;https://www.olx.ua/None;;
;;;https://www.olx.ua/None;;
;;;https://www.olx.ua/None;;
;;;https://www.olx.ua/None;;
;;;https://www.olx.ua/None;;
;;;https://www.olx.ua/None;;
;;;https://www.olx.ua/None;;
;;;https://www.olx.ua/None;;
;;;https://www.olx.ua/None;;
;;;https://www.olx.ua/None;;
;;;https://www.olx.ua/None;;
;;;https://www.olx.ua/None;;
;;;https://www.olx.ua/None;;
;;;https://www.olx.ua/None;;
;;;https://www.olx.ua/None;;
;;;https://www.olx.ua/None;;
;;;https://www.olx.ua/None;;
;;;https://www.olx.ua/None;;
;;;https://www.olx.ua/None;;
;;;https://www.olx.ua/None;;
;;;https://www.olx.ua/None;;
;;;https://www.olx.ua/None;;
;;;https://www.olx.ua/None;;
;;;https://www.olx.ua/None;;
;;;https://www.olx.ua/None;;
;;;https://www.olx.ua/None;;
;;;https://www.olx.ua/None;;
;;;https://www.olx.ua/None;;
;;;https://www.olx.ua/None;;
;;;https://www.olx.ua/None;;
;;;https://www.olx.ua/None;;
;;;https://www.olx.ua/None;;
;;;https://www.olx.ua/None;;
;;;https://www.olx.ua/None;;
;;;https://www.olx.ua/None;;
;;;https://www.olx.ua/None;;
;;;https://www.olx.ua/None;;
;;;https://www.olx.ua/None;;
;;;https://www.olx.ua/None;;
;;;https://www.olx.ua/None;;
;;;https://www.olx.ua/None;;
;;;https://www.olx.ua/None;;
;;;https://www.olx.ua/None;;
;;;https://www.olx.ua/None;;
;;;https://www.olx.ua/None;;
;;;https://www.olx.ua/None;;
;;;https://www.olx.ua/None;;
;;;https://www.olx.ua/None;;
;;;https://www.olx.ua/None;;
;;;https://www.olx.ua/None;;
;;;https://www.olx.ua/None;;
;;;https://www.olx.ua/None;;
;;;https://www.olx.ua/None;;
;;;https://www.olx.ua/None;;
;;;https://www.olx.ua/None;;
;;;https://www.olx.ua/None;;
;;;https://www.olx.ua/None;;
;;;https://www.olx.ua/None;;
;;;https://www.olx.ua/None;;
;;;https://www.olx.ua/None;;
;;;https://www.olx.ua/None;;
;;;https://www.olx.ua/None;;
;;;https://www.olx.ua/None;;
;;;https://www.olx.ua/None;;
;;;https://www.olx.ua/None;;
;;;https://www.olx.ua/None;;
;;;https://www.olx.ua/None;;
;;;https://www.olx.ua/None;;
;;;https://www.olx.ua/None;;
;;;https://www.olx.ua/None;;
;;;https://www.olx.ua/None;;
;;;https://www.olx.ua/None;;
;;;https://www.olx.ua/None;;
;;;https://www.olx.ua/None;;
;;;https://www.olx.ua/None;;
;;;https://www.olx.ua/None;;
;;;https://www.olx.ua/None;;
;;;https://www.olx.ua/None;;
;;;https://www.olx.ua/None;;
;;;https://www.olx.ua/None;;
;;;https://www.olx.ua/None;;
;;;https://www.olx.ua/None;;
;;;https://www.olx.ua/None;;
;;;https://www.olx.ua/None;;
;;;https://www.olx.ua/None;;
;;;https://www.olx.ua/None;;
;;;https://www.olx.ua/None;;
;;;https://www.olx.ua/None;;
;;;https://www.olx.ua/None;;
;;;https://www.olx.ua/None;;
;;;https://www.olx.ua/None;;
;;;https://www.olx.ua/None;;
;;;https://www.olx.ua/None;;
;;;https://www.olx.ua/None;;
;;;https://www.olx.ua/None;;
;;;https://www.olx.ua/None;;
;;;https://www.olx.ua/None;;
;;;https://www.olx.ua/None;;
;;;https://www.olx.ua/None;;
;;;https://www.olx.ua/None;;
;;;https://www.olx.ua/None;;
;;;https://www.olx.ua/None;;
;;;https://www.olx.ua/None;;
;;;https://www.olx.ua/None;;
;;;https://www.olx.ua/None;;
;;;https://www.olx.ua/None;;
;;;https://www.olx.ua/None;;
;;;https://www.olx.ua/None;;
;;;https://www.olx.ua/None;;
;;;https://www.olx.ua/None;;
;;;https://www.olx.ua/None;;
;;;https://www.olx.ua/None;;
;;;https://www.olx.ua/None;;
;;;https://www.olx.ua/None;;
;;;https://www.olx.ua/None;;
;;;https://www.olx.ua/None;;
;;;https://www.olx.ua/None;;
;;;https://www.olx.ua/None;;
;;;https://www.olx.ua/None;;
;;;https://www.olx.ua/None;;
;;;https://www.olx.ua/None;;
;;;https://www.olx.ua/None;;
